model,train_auc_roc,train_auc_pr,train_f1,train_precision,train_recall,train_lift_at_top10,val_auc_roc,val_auc_pr,val_f1,val_precision,val_recall,val_lift_at_top10,best_iteration,decision_threshold,mlflow_run_id
xgboost_optuna_topk,0.914728,0.617719,0.496158,0.373241,0.739787,6.8716,0.886129,0.522765,0.465953,0.350458,0.69499,6.3554,557,0.12,5d8a5398e20d4803871e3ffd9898234d
xgboost_topk,0.911739,0.548727,0.46832,0.340477,0.749893,6.6432,0.882979,0.504763,0.445676,0.324047,0.713475,6.2661,990,0.61,c5c8789245134c15baf2e4022c7a72b9
xgboost,0.919676,0.562245,0.481802,0.356254,0.743996,6.6907,0.883634,0.502826,0.454153,0.335643,0.702027,6.2472,851,0.62,3a0a0d2fd1344e9ab35c092c24bb620f
lightgbm,0.907515,0.52666,0.47282,0.35256,0.717594,6.4811,0.883905,0.502127,0.458712,0.341721,0.697511,6.2893,675,0.65,4af9b5cfe0bd4cc1a4531633cb2da201
random_forest,0.921687,0.580194,0.478158,0.348075,0.763488,6.8687,0.879816,0.489679,0.441119,0.321422,0.702867,6.1496,0,0.5,66b6d52957634846b48cb742aef9eb48
logistic_regression,0.843219,0.422921,0.406719,0.29161,0.671971,5.7024,0.839065,0.420318,0.404378,0.289343,0.671253,5.678,0,0.09,98ad4727f8d4430282e8aabea57f95a6
