model,train_auc_roc,train_auc_pr,train_f1,train_precision,train_recall,train_lift_at_top10,val_auc_roc,val_auc_pr,val_f1,val_precision,val_recall,val_lift_at_top10,best_iteration,mlflow_run_id
xgboost,0.915341,0.553456,0.431532,0.294446,0.807468,6.6099,0.882194,0.49868,0.406089,0.277164,0.759269,6.2178,965,289a5ad7c6974e41b929ea7696010b7f
lightgbm,0.895782,0.508561,0.406545,0.273949,0.787909,6.3447,0.882392,0.493197,0.397965,0.268057,0.772188,6.2294,432,bb86e53d94004517b7d29e73d2aceafd
random_forest,0.960359,0.69649,0.568945,0.434417,0.824169,7.659,0.876539,0.482615,0.461692,0.356461,0.655078,6.0592,0,7bf2134fb7094d3b857b104cf3321ccf
logistic_regression,0.390474,0.051352,0.093177,0.050786,0.563641,0.6239,0.389912,0.052468,0.09259,0.050465,0.560235,0.6354,0,1f5dd978bfb5462282c3153d101367d7
