model,train_auc_roc,train_auc_pr,train_f1,train_precision,train_recall,train_lift_at_top10,val_auc_roc,val_auc_pr,val_f1,val_precision,val_recall,val_lift_at_top10,best_iteration,mlflow_run_id
xgboost,0.915341,0.553456,0.431532,0.294446,0.807468,6.6099,0.882194,0.49868,0.406089,0.277164,0.759269,6.2178,965,c153379e4ebe4963849e255bf989e345
lightgbm,0.895782,0.508561,0.406545,0.273949,0.787909,6.3447,0.882392,0.493197,0.397965,0.268057,0.772188,6.2294,432,65ea4c19ac2841b9ae4e73eee8e5595e
random_forest,0.913788,0.558428,0.46259,0.328907,0.779356,6.6986,0.879009,0.480211,0.431142,0.306844,0.724714,6.1286,0,060e58bb125d48d897f02241fff45612
logistic_regression,0.390789,0.051373,0.093229,0.050814,0.564069,0.623,0.390259,0.052497,0.09261,0.050475,0.560445,0.6344,0,132e27e4752340648c251ebb74236dbe
