model,train_auc_roc,train_auc_pr,train_f1,train_precision,train_recall,train_lift_at_top10,val_auc_roc,val_auc_pr,val_f1,val_precision,val_recall,val_lift_at_top10,best_iteration,decision_threshold,mlflow_run_id
xgboost_optuna_topk,0.929781,0.663243,0.504833,0.372113,0.784713,7.1989,0.884543,0.51418,0.453951,0.33426,0.707174,6.2661,551,0.11,c3cc78b5391544cbad3a7468e3f977d8
xgboost_topk,0.907987,0.537549,0.469341,0.343735,0.739607,6.5338,0.882713,0.49991,0.4507,0.330016,0.710535,6.2399,963,0.63,1623e8a9757c4ae1bb74c287efbe620f
xgboost,0.917857,0.554919,0.466654,0.336471,0.761147,6.625,0.882163,0.499586,0.442607,0.319019,0.722508,6.222,971,0.59,538802b884214eceb5fd979a70c61736
lightgbm,0.902356,0.518598,0.46559,0.343522,0.722231,6.4096,0.882737,0.496273,0.45301,0.333898,0.704233,6.2472,644,0.64,3b4c90afcc2f4154b6fea21f7238af1b
random_forest,0.916064,0.559934,0.481137,0.352237,0.758829,6.7393,0.878964,0.481277,0.444155,0.325628,0.698351,6.1338,0,0.5,e5a8fa695c00490d8f3b895a5f3f4ae3
logistic_regression,0.84018,0.404179,0.396124,0.27779,0.69009,5.631,0.835296,0.399521,0.392742,0.275034,0.686588,5.6192,0,0.08,8b8e6d33f58a4bb8a3549e2cf3f81ab1
